Titel,p-Wert,Z-Wert,Korrelationskoeffizient
Gruppe A,0.007878,-2.656298,0.122266
Das Bettelweib von Locarno,0.411353,-0.819756,
Der Fremde,0.025803,-2.227873,0.177804
Der Untergang des Hauses Usher,0.004595,-2.833145,0.169011
Gruppe B,0.103440,-1.627517,
Am Kamin,0.020468,-2.315969,0.105490
Eine Spukgeschichte,0.000003,-4.645288,0.405861
Tatsachen im Falle Waldemar,0.000852,-3.333165,0.241813
